{"_timestamp":1.7735626338916476e+09,"train_ent_coef_loss":3.987787961959839,"time_fps":283,"train_ent_coef":0.005084815435111523,"train_learning_rate":0.0003000000142492354,"eval_mean_ep_length":256,"rollout_success_rate":0.8799999952316284,"_wandb":{"runtime":1},"train_actor_loss":-43.19060516357422,"_runtime":1.007964764,"train_critic_loss":0.3630545139312744,"_step":1999872,"rollout_ep_rew_mean":209.0033416748047,"eval_success_rate":1,"rollout_ep_len_mean":256,"eval_mean_reward":225.9676513671875}