{"time_fps":339,"train_actor_loss":-35.251853942871094,"_runtime":0.929812721,"rollout_ep_len_mean":256,"_timestamp":1.773559673272579e+09,"train_critic_loss":1.909818410873413,"eval_mean_ep_length":256,"rollout_ep_rew_mean":190.6536865234375,"eval_success_rate":1,"_wandb":{"runtime":0},"rollout_success_rate":0.8700000047683716,"_step":1999872,"train_learning_rate":0.0003000000142492354,"eval_mean_reward":215.53890991210938}