{"_runtime": 0.283087008, "_timestamp": 1775287634.071767, "_step": 2002944, "rollout/ep_len_mean": 256, "rollout/ep_rew_mean": 192.49853515625, "rollout/success_rate": 0.8799999952316284, "time/fps": 443, "train/clip_range_vf": 0.20000000298023224, "train/entropy_loss": -5.306148052215576, "train/clip_fraction": 0.1859537810087204, "train/learning_rate": 0.0003000000142492354, "train/value_loss": 0.04536598548293114, "train/clip_range": 0.20000000298023224, "train/std": 0.5226381421089172, "train/explained_variance": 0.9520850777626038, "train/loss": 0.025842290371656418, "train/policy_gradient_loss": -0.017454741522669792, "train/approx_kl": 0.01911664940416813, "eval/success_rate": 0.800000011920929, "eval/mean_ep_length": 256, "eval/mean_reward": 179.5446014404297}