{"train_clip_range_vf":0.20000000298023224,"train_policy_gradient_loss":-0.009890113025903702,"train_loss":-0.00422703567892313,"train_clip_fraction":0.14251708984375,"_runtime":0.5270216,"_timestamp":1.7735626008212109e+09,"_wandb":{"runtime":0},"rollout_ep_len_mean":512,"train_learning_rate":0.0003000000142492354,"rollout_ep_rew_mean":395.3747253417969,"train_clip_range":0.20000000298023224,"_step":1161216,"train_entropy_loss":-7.164270877838135,"eval_mean_ep_length":512,"train_explained_variance":0.9186131954193115,"train_approx_kl":0.011795382015407085,"train_std":0.6743685603141785,"time_fps":448,"train_value_loss":0.025323467329144478,"eval_mean_reward":335.9156494140625}