{"rollout_ep_len_mean":256,"rollout_ep_rew_mean":195.0871124267578,"train_learning_rate":0.0003000000142492354,"eval_success_rate":1,"_runtime":0.930120873,"_timestamp":1.7735626438395658e+09,"train_actor_loss":-34.674835205078125,"train_critic_loss":3.074159622192383,"_wandb":{"runtime":0},"rollout_success_rate":0.800000011920929,"eval_mean_reward":219.5127716064453,"time_fps":328,"_step":1999872,"eval_mean_ep_length":256}