{"_step":1999872,"rollout_ep_len_mean":256,"eval_mean_ep_length":256,"eval_mean_reward":65.68917846679688,"rollout_success_rate":0.3100000023841858,"_runtime":0.930505181,"rollout_ep_rew_mean":78.7940444946289,"train_actor_loss":-5.456243515014648,"_timestamp":1.7735597485138848e+09,"train_critic_loss":1.365417718887329,"train_learning_rate":0.0003000000142492354,"eval_success_rate":0.20000000298023224,"_wandb":{"runtime":0},"time_fps":408}