{"eval_mean_ep_length":256,"time_fps":340,"_timestamp":1.7735596836674035e+09,"_runtime":0.898660872,"rollout_success_rate":0.8199999928474426,"_wandb":{"runtime":0},"_step":1999872,"train_actor_loss":-37.52412414550781,"eval_success_rate":1,"train_critic_loss":1.7013523578643799,"eval_mean_reward":216.91598510742188,"rollout_ep_len_mean":256,"train_learning_rate":0.0003000000142492354,"rollout_ep_rew_mean":177.59359741210938}