{"_timestamp":1.773559711151138e+09,"train_ent_coef_loss":-2.86354923248291,"rollout_ep_rew_mean":178.11695861816406,"train_actor_loss":-22.904706954956055,"rollout_success_rate":0.8199999928474426,"_step":1999872,"rollout_ep_len_mean":256,"_wandb":{"runtime":1},"time_fps":320,"eval_mean_reward":151.9702911376953,"train_ent_coef":0.006472668144851923,"train_critic_loss":0.23492954671382904,"_runtime":1.024834601,"eval_mean_ep_length":256,"eval_success_rate":0.6000000238418579,"train_learning_rate":0.0003000000142492354}