{"_runtime": 0.689896906, "_timestamp": 1776150975.5810077, "_step": 1999872, "rollout/ep_len_mean": 256, "rollout/ep_rew_mean": 212.28892517089844, "rollout/success_rate": 0.9100000262260437, "time/fps": 282, "train/learning_rate": 0.0003000000142492354, "train/actor_loss": -38.92207336425781, "train/critic_loss": 0.5946080684661865, "train/ent_coef": 0.008532892912626266, "train/ent_coef_loss": 0.9410195350646973, "eval/mean_ep_length": 256, "eval/success_rate": 1, "eval/mean_reward": 228.14437866210938}