{"rollout_ep_rew_mean":214.14552307128906,"eval_mean_ep_length":256,"_step":1999872,"train_actor_loss":-42.768463134765625,"train_critic_loss":0.4993463456630707,"rollout_ep_len_mean":256,"eval_mean_reward":174.42007446289062,"eval_success_rate":0.6000000238418579,"train_learning_rate":0.0003000000142492354,"train_ent_coef_loss":-1.5959973335266113,"_runtime":1.005717403,"train_ent_coef":0.007256275974214077,"time_fps":286,"_timestamp":1.7735626284562263e+09,"rollout_success_rate":0.8999999761581421,"_wandb":{"runtime":1}}