{"eval_success_rate":1,"eval_mean_ep_length":256,"rollout_success_rate":0.8299999833106995,"_step":1999872,"train_critic_loss":1.98917818069458,"train_learning_rate":0.0003000000142492354,"_wandb":{"runtime":0},"rollout_ep_rew_mean":188.8814239501953,"time_fps":341,"_runtime":0.952039551,"train_actor_loss":-32.47669219970703,"_timestamp":1.7735626540846958e+09,"rollout_ep_len_mean":256,"eval_mean_reward":229.172119140625}