{"train/clip_range_vf":0.20000000298023224,"rollout/ep_len_mean":256,"train/loss":-0.004168078303337097,"rollout/success_rate":0.8199999928474426,"_timestamp":1.7752875145720243e+09,"eval/success_rate":0.800000011920929,"train/std":0.4752306342124939,"time/fps":427,"train/entropy_loss":-4.607144832611084,"train/clip_range":0.20000000298023224,"train/clip_fraction":0.2077229768037796,"_wandb":{"runtime":0},"eval/mean_ep_length":256,"train/learning_rate":0.0003000000142492354,"train/approx_kl":0.015947598963975906,"rollout/ep_rew_mean":201.75814819335938,"train/explained_variance":0.9056367874145508,"_step":2002944,"train/value_loss":0.03762826323509216,"_runtime":0.276939176,"train/policy_gradient_loss":-0.01632588542997837,"eval/mean_reward":195.5404815673828}