{"_wandb":{"runtime":0},"_runtime":0.398109306,"time_fps":555,"train_learning_rate":0.0003000000142492354,"train_clip_range":0.20000000298023224,"train_clip_range_vf":0.20000000298023224,"train_explained_variance":0.9680842757225037,"eval_mean_ep_length":512,"_timestamp":1.7735626625173173e+09,"train_value_loss":0.008494415320456028,"train_entropy_loss":-6.929955959320068,"train_policy_gradient_loss":-0.006649899762123823,"rollout_ep_len_mean":512,"rollout_ep_rew_mean":361.658935546875,"train_approx_kl":0.010263475589454174,"eval_mean_reward":463.4647521972656,"train_clip_fraction":0.1200358048081398,"_step":2002944,"train_loss":-0.00561449583619833,"train_std":0.6596455574035645}