{"eval_success_rate":1,"eval_mean_ep_length":256,"_runtime":1.00241876,"train_ent_coef":0.009762543253600597,"_timestamp":1.773559721948954e+09,"rollout_ep_rew_mean":177.78604125976562,"rollout_success_rate":0.8100000023841858,"train_critic_loss":0.6278069019317627,"train_actor_loss":-23.552143096923828,"eval_mean_reward":135.44058227539062,"time_fps":318,"train_ent_coef_loss":-1.2472491264343262,"rollout_ep_len_mean":256,"_wandb":{"runtime":1},"train_learning_rate":0.0003000000142492354,"_step":1999872}