{"train_explained_variance":0.980364978313446,"train_learning_rate":0.0003000000142492354,"rollout_ep_rew_mean":311.0431213378906,"train_policy_gradient_loss":0.0017966822488233447,"train_clip_range_vf":0.20000000298023224,"train_entropy_loss":-1.345005989074707,"time_fps":448,"_timestamp":1.7735638949166765e+09,"train_approx_kl":0.020012885332107544,"_runtime":0.416448619,"rollout_ep_len_mean":512,"train_std":0.3406612277030945,"train_clip_range":0.20000000298023224,"eval_mean_ep_length":512,"eval_mean_reward":174.42330932617188,"_step":2002944,"train_loss":0.002329101786017418,"train_clip_fraction":0.2680460512638092,"train_value_loss":0.01915654167532921,"_wandb":{"runtime":0}}