{"rollout_ep_len_mean":256,"rollout_success_rate":0.8299999833106995,"train_learning_rate":0.0003000000142492354,"eval_mean_ep_length":256,"eval_mean_reward":229.172119140625,"_wandb":{"runtime":0},"_runtime":0.897277634,"eval_success_rate":1,"_step":1999872,"rollout_ep_rew_mean":188.8814239501953,"train_actor_loss":-32.47669219970703,"_timestamp":1.7735596892513475e+09,"time_fps":341,"train_critic_loss":1.98917818069458}