{"time_fps":405,"rollout_ep_len_mean":256,"train_actor_loss":-5.03504753112793,"train_learning_rate":0.0003000000142492354,"_timestamp":1.7735597432721477e+09,"_wandb":{"runtime":0},"_step":1999872,"rollout_ep_rew_mean":62.380516052246094,"train_critic_loss":0.28995922207832336,"eval_mean_ep_length":256,"eval_mean_reward":60.19150924682617,"_runtime":0.917667297,"rollout_success_rate":0.25,"eval_success_rate":0.20000000298023224}