{"train_critic_loss":3.879610061645508,"train_actor_loss":-43.248565673828125,"rollout_success_rate":0.8999999761581421,"train_ent_coef":0.006761445198208094,"_step":1999872,"rollout_ep_len_mean":256,"eval_success_rate":0.800000011920929,"train_ent_coef_loss":-0.36287903785705566,"time_fps":288,"train_learning_rate":0.0003000000142492354,"_timestamp":1.7735626229717038e+09,"_wandb":{"runtime":1},"rollout_ep_rew_mean":210.39878845214844,"eval_mean_ep_length":256,"_runtime":1.0404240869999999,"eval_mean_reward":216.2602081298828}