{"_step":1999872,"_timestamp":1.7735626982395127e+09,"rollout_ep_rew_mean":144.2017059326172,"train_critic_loss":0.7734110951423645,"eval_success_rate":0.4000000059604645,"_wandb":{"runtime":0},"train_actor_loss":-13.424510955810547,"eval_mean_ep_length":256,"eval_mean_reward":107.18315124511719,"_runtime":0.895279791,"time_fps":395,"train_learning_rate":0.0003000000142492354,"rollout_ep_len_mean":256,"rollout_success_rate":0.6800000071525574}