{"_runtime": 0.247491053, "time/fps": 544, "_timestamp": 1775287636.5566592, "_step": 2002944, "rollout/ep_len_mean": 256, "rollout/ep_rew_mean": 211.7792205810547, "rollout/success_rate": 0.9700000286102295, "train/clip_range": 0.20000000298023224, "train/entropy_loss": -6.312146186828613, "train/learning_rate": 0.0003000000142492354, "train/clip_range_vf": 0.20000000298023224, "train/explained_variance": 0.9260992407798767, "train/loss": -0.001236053416505456, "train/clip_fraction": 0.2001546174287796, "train/policy_gradient_loss": -0.00699166115373373, "train/std": 0.6103715300559998, "train/approx_kl": 0.01849794201552868, "train/value_loss": 0.002584911650046706, "eval/success_rate": 1, "eval/mean_ep_length": 256, "eval/mean_reward": 219.0484619140625}