{"train_critic_loss":0.28995922207832336,"rollout_ep_len_mean":256,"eval_mean_reward":60.19150924682617,"_runtime":0.942891264,"_wandb":{"runtime":0},"train_actor_loss":-5.03504753112793,"eval_mean_ep_length":256,"_step":1999872,"eval_success_rate":0.20000000298023224,"rollout_ep_rew_mean":62.380516052246094,"_timestamp":1.773562708155515e+09,"rollout_success_rate":0.25,"train_learning_rate":0.0003000000142492354,"time_fps":405}