{"_runtime": 0.32700904, "rollout/ep_len_mean": 256, "rollout/ep_rew_mean": 209.2169952392578, "rollout/success_rate": 0.9300000071525574, "time/fps": 289, "_timestamp": 1775287634.8134224, "_step": 1946112, "train/ent_coef": 0.006496021989732981, "train/learning_rate": 0.0003000000142492354, "train/actor_loss": -41.44831085205078, "train/critic_loss": 0.34040582180023193, "train/ent_coef_loss": -3.035297393798828, "eval/mean_reward": 224.30276489257812, "eval/mean_ep_length": 256, "eval/success_rate": 1}