{"eval_success_rate":0.800000011920929,"eval_mean_reward":216.2602081298828,"rollout_success_rate":0.8999999761581421,"train_actor_loss":-43.248565673828125,"train_learning_rate":0.0003000000142492354,"_step":1999872,"train_ent_coef":0.006761445198208094,"_timestamp":1.773559657174435e+09,"_wandb":{"runtime":1},"rollout_ep_rew_mean":210.39878845214844,"_runtime":1.06118635,"train_ent_coef_loss":-0.36287903785705566,"time_fps":288,"train_critic_loss":3.879610061645508,"rollout_ep_len_mean":256,"eval_mean_ep_length":256}