{"_runtime": 0.246078416, "rollout/ep_rew_mean": 186.1555633544922, "rollout/success_rate": 0.8600000143051147, "time/fps": 541, "_timestamp": 1776150976.1604793, "_step": 2002944, "rollout/ep_len_mean": 256, "train/entropy_loss": -18.91342544555664, "train/policy_gradient_loss": -0.014273038133978844, "train/approx_kl": 0.010086058638989925, "train/explained_variance": 0.9441952109336853, "train/value_loss": 0.025153163820505142, "train/clip_range": 0.20000000298023224, "train/clip_range_vf": 0.20000000298023224, "train/learning_rate": 0.0003000000142492354, "train/std": 3.7820818424224854, "train/clip_fraction": 0.1016438826918602, "train/loss": -0.19313926994800568, "eval/mean_ep_length": 256, "eval/mean_reward": 219.29788208007812, "eval/success_rate": 1}