{"_wandb":{"runtime":1},"eval_mean_ep_length":256,"rollout_ep_len_mean":256,"rollout_ep_rew_mean":185.43603515625,"train_learning_rate":0.0003000000142492354,"eval_mean_reward":216.527099609375,"rollout_success_rate":0.8399999737739563,"_timestamp":1.7735597164996998e+09,"eval_success_rate":1,"time_fps":321,"train_critic_loss":0.4129874110221863,"train_ent_coef":0.010431807488203049,"_runtime":1.032412754,"train_actor_loss":-29.908489227294922,"train_ent_coef_loss":-1.6535568237304688,"_step":1999872}