{"_runtime": 0.30055635, "_timestamp": 1775287633.4493206, "_step": 2002944, "rollout/ep_len_mean": 256, "rollout/ep_rew_mean": 201.75814819335938, "rollout/success_rate": 0.8199999928474426, "time/fps": 427, "train/approx_kl": 0.015947598963975906, "train/clip_range_vf": 0.20000000298023224, "train/loss": -0.004168078303337097, "train/value_loss": 0.03762826323509216, "train/learning_rate": 0.0003000000142492354, "train/clip_range": 0.20000000298023224, "train/entropy_loss": -4.607144832611084, "train/clip_fraction": 0.2077229768037796, "train/explained_variance": 0.9056367874145508, "train/policy_gradient_loss": -0.01632588542997837, "train/std": 0.4752306342124939, "eval/mean_ep_length": 256, "eval/success_rate": 0.800000011920929, "eval/mean_reward": 195.5404815673828}