{"_wandb":{"runtime":0},"train_clip_fraction":0.2917276918888092,"train_explained_variance":0.9827902317047119,"train_clip_range_vf":0.20000000298023224,"_step":2002944,"eval_mean_ep_length":512,"train_approx_kl":0.024689674377441406,"train_value_loss":3.0353168767760508e-05,"_runtime":0.377406579,"train_loss":0.0033642523922026157,"train_learning_rate":0.0003000000142492354,"rollout_ep_rew_mean":214.1140594482422,"train_entropy_loss":1.1610950231552124,"_timestamp":1.7735638869609346e+09,"train_policy_gradient_loss":0.004299921449273825,"eval_mean_reward":214.7064971923828,"rollout_ep_len_mean":512,"train_clip_range":0.20000000298023224,"time_fps":482,"train_std":0.250482976436615}