{"_runtime":0.370826949,"train_clip_range_vf":0.20000000298023224,"train_loss":0.0033642523922026157,"train_approx_kl":0.024689674377441406,"time_fps":482,"eval_mean_reward":214.7064971923828,"_timestamp":1.773562608374611e+09,"train_std":0.250482976436615,"train_entropy_loss":1.1610950231552124,"train_value_loss":3.0353168767760508e-05,"train_policy_gradient_loss":0.004299921449273825,"train_explained_variance":0.9827902317047119,"rollout_ep_rew_mean":214.1140594482422,"train_clip_range":0.20000000298023224,"train_clip_fraction":0.2917276918888092,"train_learning_rate":0.0003000000142492354,"rollout_ep_len_mean":512,"eval_mean_ep_length":512,"_wandb":{"runtime":0},"_step":2002944}