{"train_entropy_loss":-6.929955959320068,"_step":2002944,"train_clip_range_vf":0.20000000298023224,"rollout_ep_len_mean":512,"train_approx_kl":0.010263475589454174,"train_explained_variance":0.9680842757225037,"_timestamp":1.7735596974348676e+09,"eval_mean_reward":463.4647521972656,"train_policy_gradient_loss":-0.006649899762123823,"train_clip_fraction":0.1200358048081398,"time_fps":555,"_runtime":0.375336586,"train_value_loss":0.008494415320456028,"eval_mean_ep_length":512,"_wandb":{"runtime":0},"train_learning_rate":0.0003000000142492354,"rollout_ep_rew_mean":361.658935546875,"train_std":0.6596455574035645,"train_loss":-0.00561449583619833,"train_clip_range":0.20000000298023224}