{"train_actor_loss":-29.908489227294922,"_runtime":1.001056578,"eval_success_rate":1,"_timestamp":1.773562681724635e+09,"rollout_ep_len_mean":256,"_wandb":{"runtime":1},"eval_mean_reward":216.527099609375,"rollout_success_rate":0.8399999737739563,"rollout_ep_rew_mean":185.43603515625,"_step":1999872,"train_ent_coef_loss":-1.6535568237304688,"eval_mean_ep_length":256,"train_critic_loss":0.4129874110221863,"time_fps":321,"train_ent_coef":0.010431807488203049,"train_learning_rate":0.0003000000142492354}