{"train_ent_coef_loss":1.0632792711257935,"rollout_success_rate":0.8399999737739563,"eval_mean_ep_length":256,"_runtime":3.473849398,"train_ent_coef":0.005060357041656971,"_wandb":{"runtime":3},"_step":1999872,"eval_success_rate":1,"time_fps":285,"train_critic_loss":0.3443579077720642,"train_learning_rate":0.0003000000142492354,"eval_mean_reward":221.00692749023438,"_timestamp":1.773559651766876e+09,"train_actor_loss":-44.4142951965332,"rollout_ep_rew_mean":202.04151916503906,"rollout_ep_len_mean":256}