{"train_explained_variance":0.9186131954193115,"train_clip_range":0.20000000298023224,"train_clip_fraction":0.14251708984375,"train_clip_range_vf":0.20000000298023224,"train_learning_rate":0.0003000000142492354,"train_value_loss":0.025323467329144478,"_wandb":{"runtime":0},"_step":1161216,"_runtime":0.277833181,"_timestamp":1.7735638742559054e+09,"eval_mean_reward":335.9156494140625,"eval_mean_ep_length":512,"rollout_ep_rew_mean":395.3747253417969,"train_std":0.6743685603141785,"train_loss":-0.00422703567892313,"train_policy_gradient_loss":-0.009890113025903702,"rollout_ep_len_mean":512,"train_approx_kl":0.011795382015407085,"time_fps":448,"train_entropy_loss":-7.164270877838135}