{"_runtime": 0.25580971, "_step": 2002944, "rollout/ep_len_mean": 256, "rollout/ep_rew_mean": 209.01051330566406, "rollout/success_rate": 0.9399999976158142, "time/fps": 555, "_timestamp": 1775287635.4182212, "train/explained_variance": 0.9624853134155273, "train/clip_range": 0.20000000298023224, "train/clip_range_vf": 0.20000000298023224, "train/loss": -0.018817303702235222, "train/value_loss": 0.0013442778727039695, "train/approx_kl": 0.011050592176616192, "train/policy_gradient_loss": -0.012503148056566715, "train/clip_fraction": 0.1615397185087204, "train/learning_rate": 0.0003000000142492354, "train/std": 0.6006781458854675, "train/entropy_loss": -6.213559627532959, "eval/mean_reward": 223.06710815429688, "eval/mean_ep_length": 256, "eval/success_rate": 1}