{"train_clip_range_vf":0.20000000298023224,"eval_mean_ep_length":512,"eval_mean_reward":455.91192626953125,"_runtime":0.28742249,"time_fps":542,"train_value_loss":0.015344804152846336,"rollout_ep_len_mean":512,"rollout_ep_rew_mean":340.7489013671875,"_step":1794048,"_timestamp":1.7735596934118853e+09,"train_loss":0.0018986740615218878,"train_learning_rate":0.0003000000142492354,"train_approx_kl":0.011559278704226017,"train_clip_range":0.20000000298023224,"train_clip_fraction":0.1529693603515625,"train_entropy_loss":-8.271435737609863,"train_std":0.8021984696388245,"_wandb":{"runtime":0},"train_policy_gradient_loss":-0.008090478368103504,"train_explained_variance":0.9684419631958008}