{"time_fps":408,"rollout_ep_len_mean":256,"train_actor_loss":-5.456243515014648,"eval_mean_ep_length":256,"_runtime":0.964838275,"rollout_ep_rew_mean":78.7940444946289,"rollout_success_rate":0.3100000023841858,"eval_success_rate":0.20000000298023224,"train_learning_rate":0.0003000000142492354,"train_critic_loss":1.365417718887329,"_wandb":{"runtime":0},"_timestamp":1.773562713326311e+09,"_step":1999872,"eval_mean_reward":65.68917846679688}