{"eval_mean_ep_length":512,"eval_mean_reward":460.42431640625,"rollout_ep_len_mean":512,"train_clip_fraction":0.1370442658662796,"rollout_ep_rew_mean":411.30108642578125,"_timestamp":1.7735597056466389e+09,"time_fps":550,"train_explained_variance":0.9716723561286926,"train_std":0.7289743423461914,"_runtime":0.396153389,"train_clip_range":0.20000000298023224,"train_policy_gradient_loss":-0.005205056164413691,"train_learning_rate":0.0003000000142492354,"train_loss":0.01156045775860548,"train_clip_range_vf":0.20000000298023224,"train_entropy_loss":-7.638101100921631,"_step":2002944,"train_value_loss":0.006999147590249777,"train_approx_kl":0.012713230215013027,"_wandb":{"runtime":0}}