{"train_entropy_loss":-5.116535663604736,"rollout_ep_rew_mean":419.8018493652344,"train_approx_kl":0.011805246584117413,"_step":2002944,"train_clip_range":0.20000000298023224,"eval_mean_reward":484.4798278808594,"train_clip_range_vf":0.20000000298023224,"time_fps":458,"eval_mean_ep_length":512,"train_std":0.5028286576271057,"train_learning_rate":0.0003000000142492354,"train_loss":0.014514155685901642,"train_policy_gradient_loss":-0.0081233074888587,"_timestamp":1.7737276230226161e+09,"_wandb":{"runtime":0},"train_clip_fraction":0.153564453125,"train_explained_variance":0.9302159547805786,"_runtime":0.472366038,"train_value_loss":0.014983437024056911,"rollout_ep_len_mean":512}