{"eval_mean_reward":62.82502365112305,"_step":1999872,"train_actor_loss":-14.52678108215332,"eval_mean_ep_length":256,"time_fps":401,"train_learning_rate":0.0003000000142492354,"eval_success_rate":0.20000000298023224,"rollout_ep_len_mean":256,"rollout_ep_rew_mean":170.29229736328125,"rollout_success_rate":0.7699999809265137,"_timestamp":1.773559737895869e+09,"_wandb":{"runtime":0},"_runtime":0.895178993,"train_critic_loss":0.6932730674743652}