{"rollout_success_rate":0.8799999952316284,"_step":1999872,"train_actor_loss":-43.19060516357422,"time_fps":283,"_wandb":{"runtime":1},"_runtime":1.014282307,"_timestamp":1.7735596683696432e+09,"rollout_ep_rew_mean":209.0033416748047,"eval_mean_ep_length":256,"train_critic_loss":0.3630545139312744,"eval_success_rate":1,"train_ent_coef_loss":3.987787961959839,"train_ent_coef":0.005084815435111523,"train_learning_rate":0.0003000000142492354,"rollout_ep_len_mean":256,"eval_mean_reward":225.9676513671875}