{"train_value_loss":0.005012728273868561,"train_loss":-0.009223869070410728,"train_explained_variance":0.9791993498802185,"eval_mean_reward":460.1688537597656,"train_entropy_loss":-7.709780693054199,"_step":2002944,"rollout_ep_rew_mean":429.8242492675781,"train_clip_range":0.20000000298023224,"train_learning_rate":0.0003000000142492354,"train_policy_gradient_loss":-0.007209194824099541,"_runtime":0.395508506,"eval_mean_ep_length":512,"_wandb":{"runtime":0},"rollout_ep_len_mean":512,"train_std":0.7338950037956238,"time_fps":524,"_timestamp":1.7735626671355202e+09,"train_clip_range_vf":0.20000000298023224,"train_approx_kl":0.008198968134820461,"train_clip_fraction":0.0869140625}