{"eval_mean_ep_length":256,"train_learning_rate":0.0003000000142492354,"_timestamp":1.7735626869212756e+09,"_wandb":{"runtime":1},"_step":1999872,"_runtime":1.015279612,"rollout_ep_rew_mean":177.78604125976562,"train_ent_coef":0.009762543253600597,"eval_success_rate":1,"train_actor_loss":-23.552143096923828,"train_critic_loss":0.6278069019317627,"rollout_ep_len_mean":256,"train_ent_coef_loss":-1.2472491264343262,"time_fps":318,"rollout_success_rate":0.8100000023841858,"eval_mean_reward":135.44058227539062}