{"train_value_loss":0.009954075329005718,"train_learning_rate":0.0003000000142492354,"train_clip_range_vf":0.20000000298023224,"_runtime":0.465076222,"train_std":0.5874397158622742,"train_loss":-0.011751898564398289,"_timestamp":1.7737276524032328e+09,"train_clip_range":0.20000000298023224,"train_explained_variance":0.9518705606460571,"time_fps":460,"_step":2002944,"train_approx_kl":0.011216121725738049,"train_entropy_loss":-6.18856954574585,"rollout_ep_rew_mean":427.6224365234375,"_wandb":{"runtime":0},"eval_mean_ep_length":512,"train_clip_fraction":0.14227294921875,"train_policy_gradient_loss":-0.010562657378613949,"eval_mean_reward":415.25067138671875,"rollout_ep_len_mean":512}