{"_wandb":{"runtime":0},"_timestamp":1.773562648799664e+09,"time_fps":340,"eval_success_rate":1,"rollout_ep_len_mean":256,"eval_mean_reward":216.91598510742188,"eval_mean_ep_length":256,"_runtime":0.910062166,"rollout_ep_rew_mean":177.59359741210938,"train_actor_loss":-37.52412414550781,"train_critic_loss":1.7013523578643799,"_step":1999872,"rollout_success_rate":0.8199999928474426,"train_learning_rate":0.0003000000142492354}