{"_runtime": 0.307952777, "_step": 1999872, "rollout/ep_len_mean": 256, "rollout/ep_rew_mean": 200.80154418945312, "rollout/success_rate": 0.9200000166893005, "time/fps": 393, "_timestamp": 1775287637.2349198, "train/actor_loss": -29.801036834716797, "train/critic_loss": 1.8724651336669922, "train/learning_rate": 0.0003000000142492354, "eval/mean_ep_length": 256, "eval/mean_reward": 214.6084442138672, "eval/success_rate": 1}