{"train_std":0.7338950037956238,"_timestamp":1.7735597016402125e+09,"train_clip_range_vf":0.20000000298023224,"eval_mean_ep_length":512,"eval_mean_reward":460.1688537597656,"train_explained_variance":0.9791993498802185,"train_clip_fraction":0.0869140625,"train_value_loss":0.005012728273868561,"train_clip_range":0.20000000298023224,"train_loss":-0.009223869070410728,"train_learning_rate":0.0003000000142492354,"rollout_ep_rew_mean":429.8242492675781,"rollout_ep_len_mean":512,"_runtime":0.39782498,"_wandb":{"runtime":0},"time_fps":524,"_step":2002944,"train_entropy_loss":-7.709780693054199,"train_approx_kl":0.008198968134820461,"train_policy_gradient_loss":-0.007209194824099541}