{"rollout_ep_rew_mean":178.11695861816406,"train_ent_coef_loss":-2.86354923248291,"_wandb":{"runtime":1},"_step":1999872,"train_actor_loss":-22.904706954956055,"time_fps":320,"_runtime":1.013188817,"eval_mean_ep_length":256,"rollout_ep_len_mean":256,"_timestamp":1.7735626760636353e+09,"train_critic_loss":0.23492954671382904,"train_learning_rate":0.0003000000142492354,"train_ent_coef":0.006472668144851923,"rollout_success_rate":0.8199999928474426,"eval_mean_reward":151.9702911376953,"eval_success_rate":0.6000000238418579}