{"train_ent_coef_loss":1.0632792711257935,"_runtime":1.003422892,"rollout_success_rate":0.8399999737739563,"_step":1999872,"eval_success_rate":1,"time_fps":285,"eval_mean_reward":221.00692749023438,"rollout_ep_len_mean":256,"_wandb":{"runtime":1},"train_ent_coef":0.005060357041656971,"train_actor_loss":-44.4142951965332,"eval_mean_ep_length":256,"_timestamp":1.7735626174188154e+09,"train_learning_rate":0.0003000000142492354,"rollout_ep_rew_mean":202.04151916503906,"train_critic_loss":0.3443579077720642}