{"train_explained_variance":0.9186131954193115,"train_clip_range":0.20000000298023224,"train_approx_kl":0.011795382015407085,"eval_mean_reward":335.9156494140625,"train_policy_gradient_loss":-0.009890113025903702,"_timestamp":1.7735631085983026e+09,"_step":1161216,"train_clip_fraction":0.14251708984375,"train_std":0.6743685603141785,"train_value_loss":0.025323467329144478,"train_entropy_loss":-7.164270877838135,"time_fps":448,"rollout_ep_rew_mean":395.3747253417969,"train_loss":-0.00422703567892313,"_runtime":0.264066954,"_wandb":{"runtime":0},"rollout_ep_len_mean":512,"train_learning_rate":0.0003000000142492354,"eval_mean_ep_length":512,"train_clip_range_vf":0.20000000298023224}