{"eval_mean_reward":215.53890991210938,"_step":1999872,"rollout_success_rate":0.8700000047683716,"_runtime":0.941872803,"rollout_ep_len_mean":256,"rollout_ep_rew_mean":190.6536865234375,"train_actor_loss":-35.251853942871094,"_wandb":{"runtime":0},"time_fps":339,"_timestamp":1.7735626390602803e+09,"eval_success_rate":1,"eval_mean_ep_length":256,"train_learning_rate":0.0003000000142492354,"train_critic_loss":1.909818410873413}