{"train_std":0.559550404548645,"train_entropy_loss":-5.8569536209106445,"train_approx_kl":0.012141983956098557,"train_value_loss":0.0019140104996040463,"_step":2002944,"eval_mean_ep_length":512,"train_explained_variance":0.932565450668335,"train_clip_range_vf":0.20000000298023224,"rollout_ep_rew_mean":459.8896789550781,"eval_mean_reward":469.392578125,"train_clip_fraction":0.1675211638212204,"train_clip_range":0.20000000298023224,"_timestamp":1.7737275457156956e+09,"_runtime":0.565773565,"train_loss":-0.007842490449547768,"rollout_ep_len_mean":512,"train_learning_rate":0.0003000000142492354,"time_fps":455,"train_policy_gradient_loss":-0.01009704265743494,"_wandb":{"runtime":0}}