{"_runtime": 0.228743044, "_step": 2002944, "rollout/ep_len_mean": 256, "rollout/ep_rew_mean": 208.81996154785156, "rollout/success_rate": 0.949999988079071, "time/fps": 531, "_timestamp": 1775287635.9782462, "train/approx_kl": 0.011410237289965153, "train/clip_range": 0.20000000298023224, "train/clip_range_vf": 0.20000000298023224, "train/explained_variance": 0.984542191028595, "train/loss": -0.03645637258887291, "train/std": 0.745610773563385, "train/learning_rate": 0.0003000000142492354, "train/entropy_loss": -7.809785842895508, "train/clip_fraction": 0.14306640625, "train/policy_gradient_loss": -0.016856519505381584, "train/value_loss": 0.0005059711984358728, "eval/mean_ep_length": 256, "eval/mean_reward": 219.46286010742188, "eval/success_rate": 1}