{"_step":2002944,"eval_mean_ep_length":512,"train_std":0.2340053766965866,"train_clip_fraction":0.2718302309513092,"train_value_loss":3.6011228075949475e-05,"train_explained_variance":0.988540530204773,"train_policy_gradient_loss":0.0021456533577293158,"rollout_ep_rew_mean":214.34539794921875,"train_loss":-0.027539249509572983,"_timestamp":1.7735626126706192e+09,"_wandb":{"runtime":0},"train_clip_range_vf":0.20000000298023224,"time_fps":480,"rollout_ep_len_mean":512,"train_approx_kl":0.023729635402560234,"eval_mean_reward":216.40005493164062,"train_entropy_loss":1.3169976472854614,"train_clip_range":0.20000000298023224,"train_learning_rate":0.0003000000142492354,"_runtime":0.388188762}