{"rollout_ep_rew_mean":463.5549621582031,"train_policy_gradient_loss":-0.008556326851248741,"rollout_ep_len_mean":512,"train_clip_fraction":0.1358439177274704,"_step":2002944,"train_clip_range_vf":0.20000000298023224,"train_value_loss":0.0010433320421725512,"eval_mean_ep_length":512,"train_explained_variance":0.9684985876083374,"train_std":0.5783914923667908,"train_entropy_loss":-6.028632164001465,"train_learning_rate":0.0003000000142492354,"eval_mean_reward":485.1661071777344,"time_fps":389,"_runtime":0.479059122,"train_loss":-0.0106153329834342,"_wandb":{"runtime":0},"train_approx_kl":0.01142340898513794,"train_clip_range":0.20000000298023224,"_timestamp":1.773727590075854e+09}